{"cameraMode":{"drawMode":0,"name":"Shaded","section":"Shading Mode"},"sceneLighting":false,"audioPlay":false,"sceneViewState":{"m_AlwaysRefresh":false,"showFog":true,"showSkybox":false,"showFlares":true,"showImageEffects":true,"showParticleSystems":true,"showVisualEffectGraphs":true,"m_FxEnabled":true},"in2DMode":false,"pivot":{"x":0.2469976842403412,"y":-1.1448904047028919e-8,"z":0.22104033827781678},"rotation":{"x":-0.42579230666160586,"y":-0.044225167483091357,"z":0.02083941549062729,"w":-0.9035047888755798},"size":0.9702774286270142,"orthographic":true}