{"cameraMode":{"drawMode":0,"name":"Shaded","section":"Shading Mode"},"sceneLighting":false,"audioPlay":false,"sceneViewState":{"m_AlwaysRefresh":false,"showFog":true,"showSkybox":false,"showFlares":true,"showImageEffects":true,"showParticleSystems":true,"showVisualEffectGraphs":true,"m_FxEnabled":true},"in2DMode":false,"pivot":{"x":415.6356506347656,"y":267.1146240234375,"z":-102.74575805664063},"rotation":{"x":-0.42579230666160586,"y":-0.044225167483091357,"z":0.02083941549062729,"w":-0.9035047888755798},"size":0.7927259206771851,"orthographic":true}